113.58,12.05,38.38,115.27,67.57
101.47,12.26,47.59,104.84,57.23
78.58,12.72,33.74,131.49,58.41
86.87,14.12,32.86,102.95,22.56
86.03,12.44,47.13,118.65,26.16
75.16,14.02,58.04,121.07,26.43
108.68,12.88,38.28,84.81,54.78
82.27,12.88,43.01,118.1,71.48
92.77,13.86,43.55,148.01,77.69
97.06,13.33,54.51,101.76,72.33
116.43,14.53,52.57,134.3,77.68
102.81,12.31,47.42,96.19,34.55
89.3,12.07,54.07,147.24,24.4
108.85,12.37,49.96,138.5,66.31
85.31,13.34,34.27,106.4,20.03
105.68,14.35,44.78,144.32,75.3
112.09,13.24,39.34,82.0,48.68
111.05,14.25,32.08,121.99,58.48
119.28,14.66,36.06,85.06,40.96
116.1,14.07,57.0,92.28,58.71
96.66,12.46,39.64,96.09,38.32
103.52,12.42,40.12,145.51,48.83
100.14,13.19,34.7,123.52,38.79
98.22,14.83,41.53,129.64,57.35
81.95,12.49,45.67,135.36,29.74
81.77,12.13,42.13,141.17,25.52
115.87,13.76,32.32,131.93,35.41
92.86,13.22,43.81,101.93,25.51
111.66,14.36,44.05,137.21,68.94
104.68,14.5,34.68,127.8,68.89
83.64,12.97,58.23,147.38,73.56
81.02,12.1,47.19,110.86,61.23
101.1,12.1,32.74,141.07,21.01
77.7,13.55,44.09,104.19,77.16
111.21,14.23,47.97,98.71,35.83
93.26,13.53,49.43,96.06,63.91
89.87,14.35,45.81,89.78,36.65
115.85,13.7,48.47,115.08,35.3
114.55,14.98,33.97,107.06,70.69
107.63,13.17,31.55,137.71,51.99
106.82,14.46,41.5,80.62,77.88
79.41,14.7,43.64,99.71,69.44
87.65,13.6,40.71,113.41,59.48
73.78,12.51,51.28,124.51,79.44
116.24,13.22,36.14,108.91,70.82
71.64,12.64,50.2,113.23,38.36
86.4,12.1,47.02,111.46,41.1
84.58,13.55,32.12,145.7,32.13
112.81,14.1,45.19,97.3,52.1
90.99,14.98,58.96,104.37,33.03
91.58,14.97,44.09,143.11,42.3
118.85,14.56,52.08,145.21,27.57
118.53,13.47,53.33,140.19,59.14
91.46,12.65,57.19,88.36,77.29
101.18,13.39,39.23,134.3,78.47
116.56,12.93,41.27,110.07,36.28
101.47,12.94,41.63,114.36,75.21
100.22,14.24,44.16,130.66,56.03
104.46,12.73,36.77,120.27,68.02
70.4,12.3,34.48,123.28,30.96
81.13,12.21,54.28,80.62,37.34
117.24,13.8,41.06,133.06,76.93
101.3,14.89,46.98,100.99,68.11
103.13,13.1,38.93,89.5,62.52
104.95,12.34,35.66,107.31,43.82
91.52,14.57,43.28,117.61,49.64
72.9,12.32,39.27,140.74,55.42
100.88,12.85,36.39,104.31,45.67
111.3,14.03,46.72,86.0,20.65
111.25,12.45,47.07,142.23,54.49
108.54,12.47,55.89,119.8,71.43
74.95,14.06,50.87,80.43,60.17
82.38,13.99,54.43,120.01,65.91
76.39,12.92,44.51,134.9,49.12
101.34,12.43,30.03,149.93,78.48
83.89,13.21,59.98,101.41,44.27
118.47,13.44,56.42,118.66,23.33
75.92,12.83,38.39,119.87,42.51
93.83,13.04,36.78,138.74,56.93
85.55,12.94,59.78,135.4,30.72
89.71,14.4,39.73,94.28,43.08
115.94,14.62,53.21,93.98,46.73
117.33,13.95,51.44,127.47,26.33
77.26,12.4,44.59,100.22,62.06
84.79,14.44,51.84,93.05,21.39
98.08,13.39,55.24,86.46,73.64
75.21,14.12,37.02,139.49,37.83
86.74,14.57,48.04,115.72,23.31
105.21,13.34,43.08,86.68,36.83
98.99,12.23,45.49,114.65,33.19
107.55,13.96,40.99,146.52,64.93
75.66,13.98,59.76,88.75,45.3
85.14,13.11,57.81,123.15,73.17
70.42,14.08,36.49,103.41,71.97
72.47,14.08,46.53,102.28,50.66
101.12,14.15,33.19,128.91,47.64
98.21,13.12,41.5,109.36,30.96
87.43,13.27,30.48,112.61,35.71
114.51,13.13,33.69,113.73,68.29
118.47,13.95,42.87,143.12,40.11
115.71,12.57,38.58,119.55,30.17
84.22,14.69,45.6,95.79,65.7
89.59,12.34,52.13,133.67,70.11
114.13,12.76,54.31,86.86,55.12
114.71,14.66,33.5,98.13,53.01
94.03,12.59,38.47,148.58,75.11
80.56,12.57,59.31,105.27,35.75
87.7,13.31,37.43,107.92,75.12
92.65,12.07,41.53,82.17,76.45
114.96,14.15,53.16,131.13,65.22
116.6,12.22,42.27,125.06,72.62
106.28,12.87,44.0,144.25,75.27
116.22,12.45,39.87,118.54,23.32
115.2,13.13,46.15,122.09,32.19
110.31,14.35,31.89,135.76,72.89
94.74,12.7,37.9,122.27,56.07
70.18,13.67,40.91,96.12,72.79
103.51,13.71,50.93,126.55,35.29
109.07,13.03,31.84,129.05,39.63
104.48,14.84,30.95,117.43,72.12
85.8,12.02,30.52,102.47,65.11
72.74,14.52,35.71,148.57,78.72
97.96,14.23,33.32,91.1,32.16
80.3,14.56,55.76,80.79,45.37
113.76,13.73,34.25,115.76,55.83
118.75,12.86,48.89,132.85,61.9
94.72,12.36,42.23,133.97,45.71
78.63,12.88,56.61,109.31,33.36
102.06,12.14,45.66,128.78,65.53
117.67,14.51,47.44,148.36,50.87
71.57,13.23,46.23,89.06,25.27
88.4,13.69,40.94,102.72,63.66
87.91,12.8,39.51,135.97,31.53
103.43,12.73,39.56,88.37,36.51
72.77,14.61,49.31,115.35,78.37
91.3,12.66,58.92,80.42,74.61
92.98,12.02,47.05,116.18,26.44
91.48,12.37,34.14,127.88,61.65
84.85,13.58,35.4,129.12,30.19
78.85,14.79,44.59,148.03,74.81
97.02,14.12,53.66,85.71,32.9
112.92,13.93,30.56,92.35,45.78
116.02,14.12,49.38,119.1,28.27
106.13,12.07,38.54,97.49,59.91
103.62,13.15,52.87,82.61,40.61
86.77,14.68,52.4,106.2,21.94
85.92,14.61,45.55,149.58,66.6
85.1,14.25,34.71,118.69,58.54
106.72,13.59,44.08,133.07,74.42
116.02,12.22,32.22,91.55,26.24
